<?xml version="1.0" encoding="UTF-8"?>
<beans xmlns="http://www.springframework.org/schema/beans"
	xmlns:xsi="http://www.w3.org/2001/XMLSchema-instance"
	xmlns:context="http://www.springframework.org/schema/context"
	xmlns:p="http://www.springframework.org/schema/p"
	xsi:schemaLocation="http://www.springframework.org/schema/beans 
	http://www.springframework.org/schema/beans/spring-beans.xsd
		http://www.springframework.org/schema/context http://www.springframework.org/schema/context/spring-context.xsd">
	<context:component-scan base-package="com.spring.polymorphism"/>
	<!-- com.spring.polymorphism 내의 클래스에서 어노테이션이 붙어있는 것들을 찾아 객체를 생성한다... -->
	
</beans>


<!--  1. 생성자 인젝션 사용하기 (1개의 매개변수)
	<bean id="tv" class="com.spring.polymorphism.SamsungTV" init-method="initMethod" destroy-method="destroyMethod">
		<constructor-arg ref="sony"></constructor-arg>
	</bean>
	-->
	
	<!--  1. 생성자 인젝션 사용하기 (2개의 매개변수)
	<bean id="tv" class="com.spring.polymorphism.SamsungTV" init-method="initMethod" destroy-method="destroyMethod">
		<constructor-arg index="0" ref="apple"></constructor-arg>
		<constructor-arg index="1" value="55000"></constructor-arg>
	</bean>
	-->
	
	<!-- 2. setter 인젝션 사용하기 
	<bean id="tv" class="com.spring.polymorphism.SamsungTV" init-method="initMethod" destroy-method="destroyMethod">
		<property name="speaker" ref="apple"></property>
		<property name="price" value="65000"></property>
	</bean>
	-->
	
	<!-- 3. setter 인젝션 사용하기 : p네임스페이스 
			*** p:변수명-ref = "" / p:변수명="" ***
	<bean id="tv" class="com.spring.polymorphism.SamsungTV" 
		init-method="initMethod" destroy-method="destroyMethod"
		p:speaker-ref="sony" p:price="55000" />
	-->
	
	<!--  
	<bean id="sony" class="com.spring.polymorphism.SonySpeaker" />
	<bean id="apple" class="com.spring.polymorphism.AppleSpeaker" />
	-->
	
	
	
	<!-- List 타입 매핑 
	<bean id="collectionBean" class="com.spring.injection.CollectionBean">
		<property name="addressList">
			<list>
				<value>서울시 강남구 역삼동</value>
				<value>서울시 영등포구 당산6가</value>
				<value>서울시 강남구 역삼동</value>
			</list>
		</property>
	</bean>
	-->
	
	<!-- Set 타입 매핑 
	<bean id="collectionBean" class="com.spring.injection.CollectionBean">
		<property name="addressList">
			<set value-type="java.lang.String">
				<value>서울시 마포구 신촌동</value>
				<value>서울시 강남구 역삼동</value>
				<value>서울시 강남구 역삼동</value>
				<value>서울시 영등포구 당산6가</value>
				<value>서울시 강남구 역삼동</value>
			</set>
		</property>
	</bean>
	-->
	
	<!-- Map 타입 매핑 
	<bean id="collectionBean" class="com.spring.injection.CollectionBean">
		<property name="addressList">
		<map>
			<entry>
				<key><value>홍길동</value></key>
				<value>서울시 강남구 역삼동</value>
			</entry>
			<entry>
				<key><value>김철수</value></key>
				<value>서울시 영등포구 당산6가</value>
			</entry>
		</map>
		</property>
	</bean>
	-->
	
	<!-- Properties 타입 매핑 
	<bean id="collectionBean" class="com.spring.injection.CollectionBean">
		<property name="addressList">
			<props>
				<prop key="홍길동">서울시 강남구 역삼동</prop>
				<prop key="김철수">서울시 영등포구 당산6가</prop>
			</props>
		</property>
	</bean>
	
</beans>
-->